LogID,Timestamp,ErrorMessage,SeverityLevel,Source,Details
1,2020-07-16 20:27:38,Error message 1,High,AuthService,Details for error 1
2,2023-09-20 22:29:33,Error message 2,Low,APIHandler,Details for error 2
3,2023-05-29 06:31:05,Error message 3,Medium,DBConnector,Details for error 3
4,2023-03-21 08:35:27,Error message 4,Low,InputValidator,Details for error 4
5,2022-08-24 08:26:53,Error message 5,Low,DBConnector,Details for error 5
6,2023-04-30 09:40:08,Error message 6,Low,AuthService,Details for error 6
7,2020-02-19 19:57:25,Error message 7,High,APIHandler,Details for error 7
8,2022-03-13 21:34:37,Error message 8,High,AuthService,Details for error 8
9,2023-02-13 05:16:57,Error message 9,High,InputValidator,Details for error 9
10,2023-09-06 08:52:27,Error message 10,Low,AuthService,Details for error 10
11,2023-06-14 19:18:11,Error message 11,High,AuthService,Details for error 11
12,2022-04-04 04:52:23,Error message 12,Medium,AuthService,Details for error 12
13,2023-07-29 21:10:01,Error message 13,Low,DBConnector,Details for error 13
14,2021-12-17 06:04:35,Error message 14,Medium,AuthService,Details for error 14
15,2023-10-11 01:11:39,Error message 15,Low,AuthService,Details for error 15
16,2024-11-13 22:22:19,Error message 16,Low,InputValidator,Details for error 16
17,2020-02-09 09:09:30,Error message 17,High,DBConnector,Details for error 17
18,2023-08-03 02:45:11,Error message 18,Medium,DBConnector,Details for error 18
19,2024-11-22 16:27:34,Error message 19,High,InputValidator,Details for error 19
20,2021-07-11 05:31:57,Error message 20,Low,APIHandler,Details for error 20
21,2020-12-07 23:29:48,Error message 21,High,DBConnector,Details for error 21
22,2020-05-23 23:32:59,Error message 22,High,DBConnector,Details for error 22
23,2020-04-21 02:21:44,Error message 23,Low,DBConnector,Details for error 23
24,2022-06-05 11:31:24,Error message 24,High,APIHandler,Details for error 24
25,2020-05-07 16:14:30,Error message 25,High,InputValidator,Details for error 25
26,2023-09-26 16:29:57,Error message 26,Low,DBConnector,Details for error 26
27,2022-05-28 07:03:13,Error message 27,Low,AuthService,Details for error 27
28,2020-01-31 17:57:35,Error message 28,Medium,AuthService,Details for error 28
29,2020-08-27 09:26:38,Error message 29,Medium,InputValidator,Details for error 29
30,2021-03-01 08:19:31,Error message 30,Low,AuthService,Details for error 30
31,2021-12-05 05:44:02,Error message 31,Low,DBConnector,Details for error 31
32,2023-12-28 06:11:08,Error message 32,Medium,AuthService,Details for error 32
33,2020-10-06 23:42:03,Error message 33,Low,InputValidator,Details for error 33
34,2022-12-06 07:50:46,Error message 34,High,InputValidator,Details for error 34
35,2024-07-13 18:45:42,Error message 35,Low,APIHandler,Details for error 35
36,2020-06-23 18:56:02,Error message 36,High,APIHandler,Details for error 36
37,2023-06-16 22:39:06,Error message 37,Medium,AuthService,Details for error 37
38,2020-10-22 01:10:49,Error message 38,Low,AuthService,Details for error 38
39,2023-07-01 08:17:40,Error message 39,High,APIHandler,Details for error 39
40,2022-08-09 20:49:11,Error message 40,Low,APIHandler,Details for error 40
41,2023-12-28 16:14:14,Error message 41,High,DBConnector,Details for error 41
42,2020-07-06 01:18:58,Error message 42,High,AuthService,Details for error 42
43,2024-10-11 05:38:14,Error message 43,Low,InputValidator,Details for error 43
44,2022-08-12 07:49:17,Error message 44,High,DBConnector,Details for error 44
45,2020-03-15 18:42:59,Error message 45,Medium,DBConnector,Details for error 45
46,2023-06-01 02:21:04,Error message 46,High,DBConnector,Details for error 46
47,2021-02-14 23:08:45,Error message 47,High,APIHandler,Details for error 47
48,2024-11-08 17:12:57,Error message 48,Low,DBConnector,Details for error 48
49,2023-07-12 20:10:26,Error message 49,Low,DBConnector,Details for error 49
50,2021-03-16 18:15:35,Error message 50,High,InputValidator,Details for error 50
51,2020-08-03 07:22:35,Error message 51,High,DBConnector,Details for error 51
52,2022-07-07 01:32:35,Error message 52,High,AuthService,Details for error 52
53,2021-07-24 21:56:37,Error message 53,Medium,DBConnector,Details for error 53
54,2023-11-09 16:21:33,Error message 54,Medium,AuthService,Details for error 54
55,2021-03-30 02:42:20,Error message 55,Medium,APIHandler,Details for error 55
56,2023-06-15 17:46:35,Error message 56,Medium,AuthService,Details for error 56
57,2022-05-22 06:59:42,Error message 57,Low,DBConnector,Details for error 57
58,2020-04-09 02:07:02,Error message 58,High,InputValidator,Details for error 58
59,2022-01-18 00:03:31,Error message 59,Low,DBConnector,Details for error 59
60,2023-07-04 23:03:46,Error message 60,Low,InputValidator,Details for error 60
61,2021-07-10 00:58:40,Error message 61,Medium,APIHandler,Details for error 61
62,2020-01-06 06:30:17,Error message 62,Medium,DBConnector,Details for error 62
63,2023-07-10 15:54:50,Error message 63,Low,DBConnector,Details for error 63
64,2020-04-27 06:48:16,Error message 64,Low,DBConnector,Details for error 64
65,2020-09-23 16:51:53,Error message 65,High,APIHandler,Details for error 65
66,2021-07-12 04:22:03,Error message 66,Low,APIHandler,Details for error 66
67,2020-02-04 22:06:21,Error message 67,Low,APIHandler,Details for error 67
68,2022-10-24 22:11:25,Error message 68,High,DBConnector,Details for error 68
69,2022-05-15 15:29:38,Error message 69,High,AuthService,Details for error 69
70,2024-09-03 04:40:10,Error message 70,High,DBConnector,Details for error 70
71,2023-01-23 10:11:36,Error message 71,High,APIHandler,Details for error 71
72,2022-02-16 21:27:09,Error message 72,Medium,AuthService,Details for error 72
73,2023-01-17 00:32:15,Error message 73,Low,AuthService,Details for error 73
74,2022-10-20 04:54:28,Error message 74,Low,AuthService,Details for error 74
75,2021-06-14 23:21:37,Error message 75,High,APIHandler,Details for error 75
76,2022-05-14 19:33:59,Error message 76,Medium,APIHandler,Details for error 76
77,2021-01-28 06:47:33,Error message 77,Medium,InputValidator,Details for error 77
78,2023-05-02 12:11:46,Error message 78,Low,AuthService,Details for error 78
79,2022-09-04 14:38:35,Error message 79,Medium,InputValidator,Details for error 79
80,2022-05-28 19:43:49,Error message 80,Medium,AuthService,Details for error 80
81,2023-03-14 21:17:57,Error message 81,Medium,InputValidator,Details for error 81
82,2020-05-21 10:25:36,Error message 82,High,InputValidator,Details for error 82
83,2023-05-20 11:38:51,Error message 83,High,APIHandler,Details for error 83
84,2024-04-14 01:32:54,Error message 84,Medium,DBConnector,Details for error 84
85,2024-06-16 10:25:27,Error message 85,Low,AuthService,Details for error 85
86,2024-10-20 23:12:36,Error message 86,Medium,AuthService,Details for error 86
87,2022-02-25 23:58:45,Error message 87,Low,AuthService,Details for error 87
88,2022-12-30 21:45:42,Error message 88,Medium,InputValidator,Details for error 88
89,2020-01-15 07:49:21,Error message 89,High,DBConnector,Details for error 89
90,2020-03-21 09:36:09,Error message 90,High,InputValidator,Details for error 90
91,2021-12-10 22:47:07,Error message 91,Medium,AuthService,Details for error 91
92,2020-11-29 23:14:19,Error message 92,Medium,AuthService,Details for error 92
93,2022-11-15 21:16:39,Error message 93,High,APIHandler,Details for error 93
94,2020-07-18 18:05:48,Error message 94,High,DBConnector,Details for error 94
95,2022-03-15 11:52:38,Error message 95,High,DBConnector,Details for error 95
96,2024-05-21 22:11:24,Error message 96,Medium,InputValidator,Details for error 96
97,2022-07-25 01:41:50,Error message 97,Medium,APIHandler,Details for error 97
98,2022-05-10 09:33:07,Error message 98,High,DBConnector,Details for error 98
99,2024-01-19 19:12:55,Error message 99,High,APIHandler,Details for error 99
100,2020-11-13 07:14:29,Error message 100,Low,APIHandler,Details for error 100
101,2021-11-13 00:55:49,Error message 101,High,InputValidator,Details for error 101
102,2021-06-13 07:41:27,Error message 102,Medium,APIHandler,Details for error 102
103,2024-09-29 23:59:17,Error message 103,Medium,AuthService,Details for error 103
104,2024-09-13 06:57:38,Error message 104,Medium,InputValidator,Details for error 104
105,2021-11-22 11:32:45,Error message 105,High,DBConnector,Details for error 105
106,2023-03-03 07:06:12,Error message 106,Low,AuthService,Details for error 106
107,2022-03-15 22:22:51,Error message 107,Medium,InputValidator,Details for error 107
108,2021-06-29 08:47:21,Error message 108,Low,InputValidator,Details for error 108
109,2022-02-08 13:59:32,Error message 109,Low,InputValidator,Details for error 109
110,2022-10-28 12:49:38,Error message 110,Medium,APIHandler,Details for error 110
111,2023-08-16 01:47:34,Error message 111,High,InputValidator,Details for error 111
112,2021-01-09 04:32:59,Error message 112,High,DBConnector,Details for error 112
113,2023-09-27 13:44:21,Error message 113,High,APIHandler,Details for error 113
114,2024-06-14 17:44:23,Error message 114,Low,AuthService,Details for error 114
115,2024-02-27 00:40:45,Error message 115,Low,AuthService,Details for error 115
116,2020-04-22 21:17:58,Error message 116,High,AuthService,Details for error 116
117,2023-08-15 08:35:54,Error message 117,Medium,AuthService,Details for error 117
118,2022-10-18 07:11:23,Error message 118,High,AuthService,Details for error 118
119,2021-11-13 11:20:50,Error message 119,Medium,AuthService,Details for error 119
120,2021-07-07 09:54:47,Error message 120,High,InputValidator,Details for error 120
121,2024-05-12 15:47:29,Error message 121,High,APIHandler,Details for error 121
122,2023-11-01 12:40:29,Error message 122,Medium,AuthService,Details for error 122
123,2020-06-08 00:08:45,Error message 123,Low,DBConnector,Details for error 123
124,2024-07-09 00:57:00,Error message 124,High,APIHandler,Details for error 124
125,2023-08-26 08:40:43,Error message 125,High,InputValidator,Details for error 125
