Username,FirstName,LastName,Region,Age,Bio,ActivityLevel,InclusionStatus
wilsonjason,Aaron,Mann,Maine,37,Fill effort which bar age.,Low,False
ibryan,Wendy,Anderson,North Carolina,52,Partner Mr national. The person energy cold nor owner help. Together concern summer upon.,Low,True
brittanywilliams,Elizabeth,Crosby,Iowa,32,Civil watch month piece step fall yeah. That interesting woman year apply strong number.,Medium,True
jessicaanthony,Denise,Montoya,Iowa,54,No today side billion father police simple. Within nature left east her lose.,Medium,True
joshua97,Barbara,Sanders,Rhode Island,58,Care respond movie easy fast easy job. Believe these together say.,High,False
ebrooks,Laura,Copeland,North Carolina,34,Throw require quality itself health. Feel represent ground among. Glass even without close.,Low,False
hansonjessica,Tina,Wright,New York,31,Another build especially our financial hope yeah several.,Medium,False
youngdavid,Alan,Phillips,Mississippi,56,Indeed space general modern. Environmental appear positive six work include.,Medium,True
susansmith,Melissa,Smith,Alaska,69,Social bed great score. Black opportunity who heart.,Low,False
romerojonathon,James,Morris,Maryland,65,However herself central only. Guess easy above spring doctor per. Agree keep hundred can form bank.,High,False
escobarthomas,Michelle,Bell,Massachusetts,63,Perform guess beautiful rather forward section. Join travel task war budget.,Medium,True
jonesthomas,Mary,Miller,Massachusetts,21,Whole bag degree figure ok professional gas research. Themselves base human amount woman least.,Medium,False
codyfuentes,Anthony,Lester,New Hampshire,28,Find order shake. Six cut drive my public. Involve then away door management anyone once.,Medium,False
rmorgan,Tyler,Bauer,Connecticut,29,Interest affect current other.,High,True
katelynharris,Stephanie,Scott,Alaska,49,Professional method could bit discuss according test. Reveal close economic imagine later coach.,Medium,False
wendyhamilton,Marisa,Robertson,Arizona,41,Even air season as man or physical. Appear second figure party this.,High,False
richardvaldez,Melissa,White,Oklahoma,31,Whether lay will might class. Way rather treat show impact. Western nation heavy sort check.,High,False
gilmorejeremiah,John,Pham,Kansas,18,Region safe any father evidence current manage. Believe everybody bad voice happen person.,Medium,False
courtneymoore,Christopher,Peters,Virginia,35,Improve without significant use step. Natural name hit black develop.,Low,False
brittanymitchell,April,Ellis,Louisiana,65,Sport which perhaps least. Economy soldier always tax show interest consumer.,Low,True
fosterglenn,Jessica,Craig,California,39,Dark get season boy wrong history. Control should life for business upon. Arrive peace laugh here.,High,True
morganangela,Amy,Gomez,Oregon,46,Likely whether style part up possible shake. Major break along note.,Low,False
andrew10,Susan,Ross,Louisiana,69,Program respond ball. Son section consider attorney.,High,True
codycooper,Penny,Pacheco,Oklahoma,65,News realize under woman sort pressure agent way. Resource trial upon baby.,Medium,True
tammylawson,Erika,Cline,Missouri,27,What choose could event opportunity. Watch director seat each.,Low,True
ttorres,Sarah,Black,North Carolina,70,College site either within cost light worry. Later actually cold fact.,Medium,False
wattsrandy,Jesse,Zamora,Florida,66,Successful every condition seat whole day sing. Boy item support but less.,Low,False
dhurley,Andrea,Mack,Michigan,21,Citizen benefit society without natural. Alone far piece beat trade. Purpose to do.,Medium,True
tschmitt,Tina,Bell,California,38,A someone seat major. Option blue sit discuss challenge leg tough.,High,True
dwatson,Joshua,Patterson,Maine,60,Concern agent four expect company defense country. Prevent budget investment past argue.,Medium,False
terrelljennifer,Roger,Nelson,Hawaii,67,Opportunity five two back back training move. Whatever kitchen tree success investment reduce her.,High,True
dylan95,Cody,Miller,Maryland,52,We ever join growth charge strong around. Note candidate offer trip wall whatever. West open color.,Medium,True
nguyenbecky,Derek,Hahn,Maryland,22,Fill debate over leader life reach show become.,Low,False
larry81,Robert,Lawson,New Hampshire,33,Feel court there run. Old civil model board it. Price western large experience.,High,False
richardweiss,Thomas,Williams,Nebraska,29,Catch hour manage three. Financial play piece. Item give what fear indeed.,Low,True
